0.935460148802665,-16.4756361493136,-4.44442936507293,0,1,0,0,0.250316022372356,-13.9802348612403,0.871056203771587,-16.2410669817651
0.929925132014865,-16.4558843665075,-4.44255872828743,0.200850953565276,1,0.312864851635337,-0.194947437315313,0.240114217618831,-13.961769099548,0.865082506209886,-16.221436085689
0.913320081651466,-16.3966290180889,-4.43694681793092,0.401701907130551,1,0.25323563762744,0.255194734617818,0.209523351690778,-13.9064241619783,0.847162781076474,-16.162548318157
0.886541222633748,-16.3025883100474,-4.42802969460543,0.602552860695827,1,0.276849082688039,-0.028695312498844,0.160567304186658,-13.8187582167772,0.818299253485934,-16.0691068415176
0.845065941175399,-16.1630952880162,-4.41475828497856,0.803403814261103,1,0.254054880167916,0.125118484205362,0.0861929958347769,-13.6891183448476,0.773731444429536,-15.9305400213074
0.791366057396831,-15.9915436150639,-4.39836493422994,1,0,0.242056873836599,0.137490614876845,-0.00795987497711559,-13.5303390083044,0.716228956421094,-15.7601889553811
0.727683678315691,-15.8012291542646,-4.38006302838259,1,0,0.245199181335339,0.103044862260975,-0.116550607115198,-13.3550651095196,0.648325166121289,-15.5712883161295
0.660476607247791,-15.6108818084534,-4.36165368731446,1,0,0.242056873836599,0.121173763192147,-0.228644349753272,-13.1806731782486,0.576898721907048,-15.3824407885336
0.590409929377379,-15.4235636595441,-4.34341497865581,1,0,0.243711331834894,0.137374996971204,-0.342884558294699,-13.0099747422301,0.502679706548191,-15.1966849022698
0.516096962155612,-15.2356519925724,-4.32498667843107,1,0,0.24321513691328,-0.13340309627485,-0.461514879287032,-12.8396709513346,0.424200882383253,-15.0104283858557
0.439216434590139,-15.050499985723,-4.30763905013309,1,0,0,0,-0.579810812987418,-12.6718378551978,0.343427282634486,-14.8269043666523
0.360158467335519,-14.865959098056,-4.30763905013309,1,0,0,0,-0.658868780242039,-12.4872969675308,0.264369315379866,-14.6423634789852
0.280691156101326,-14.6804627000972,-4.30763905013309,1,0,0,0,-0.738336091476231,-12.3018005695721,0.184902004145673,-14.4568670810265
0.201933374431724,-14.4966225199774,-4.30763905013309,1,0,0,0,-0.817093873145833,-12.1179603894523,0.106144222476072,-14.2730269009067
0.122329615204341,-14.3108076185881,-4.30763905013309,1,0,0,0,-0.896697632373216,-11.932145488063,0.0265404632486885,-14.0872119995174
0.0454275262421317,-14.131299085124,-4.30763905013309,1,0,0,0,-0.973599721335425,-11.7526369545988,-0.0503616257135212,-13.9077034660533
-0.0336304410124891,-13.9467581974569,-4.30763905013309,1,0,0,0,-1.05265768859005,-11.5680960669318,-0.129419592968142,-13.7231625783862
-0.113097752246682,-13.7612617994982,-4.30763905013309,1,0,-0.0389641415092667,-0.35,-1.13212499982424,-11.3825996689731,-0.208886904202335,-13.5376661804275
-0.191308976439024,-13.5771901145997,-4.31792755245335,1,0,-0.256240239703914,0.10956880197609,-1.18580985170835,-11.1881697983218,-0.28479263518089,-13.352620820064
-0.267582625206609,-13.3899905125315,-4.33636217239696,1,0,-0.255254045794879,0.13096555354352,-1.21787633487182,-10.9830439140647,-0.356910784756822,-13.1637361370791
-0.339922897820321,-13.2030931736624,-4.35463879936883,1,0,-0.254267344043584,0.101473249687656,-1.24606948009932,-10.7791813695895,-0.425101201806164,-12.975244059049
-0.408594644944643,-13.0143747697558,-4.37295334465391,1,0,-0.257554372304271,0.145582535545825,-1.27019889964672,-10.5742747368106,-0.489585944319111,-12.7850039522449
-0.474437330549809,-12.8236982073497,-4.39135004628431,1,0,-0.254267344043561,0.121173763192147,-1.29100852905776,-10.3681612924842,-0.551195496538432,-12.5928763139902
-0.53621819083256,-12.6334862063503,-4.40958875494295,1,0,-0.256404555874712,0.111199436049266,-1.30787023727157,-10.1634653194495,-0.60875393048913,-12.4013028112238
-0.595069821668483,-12.4400281546549,-4.42802969460543,1,0,-0.255089630728554,-0.35,-1.32104374011557,-9.9561980613847,-0.663311790816297,-12.2065466861251
-0.64980328656269,-12.2473129971938,-4.44843158111574,1,0,-0.5,0.101304939547882,-1.32495481736587,-9.7491896069358,-0.713267921812569,-12.012487950462
-0.6985923908791,-12.0524614902158,-4.48762896053503,1,0,-0.5,0.127470630526377,-1.27533050730968,-9.52979956130897,-0.752806108132211,-11.8153298066272
-0.740634053035977,-11.8552669649189,-4.52697507095592,1,0,-0.5,0.139123357848783,-1.21769447161066,-9.31187092428161,-0.785478008912044,-11.6161862628089
-0.774602490867855,-11.6582014915915,-4.56599667737333,1,0,-0.5,0.0839018944988703,-1.15207753489438,-9.09813066178283,-0.81008536381132,-11.4175533496338
-0.800926069721439,-11.4576604793663,-4.60546447679552,1,0,-0.487155005379881,-0.127470630526186,-1.07709302193683,-8.88468906930281,-0.826885923311002,-11.2157996753868
-0.819178027224593,-11.2582477025571,-4.64454016721351,1,0,-0.48598078023366,-0.139123357848783,-0.99461911513281,-8.67645172162181,-0.835669591183118,-11.0155573838004
-0.829094029929454,-11.0575573985418,-4.68375106763295,1,0,-0.491545351435016,-0.0839018944988703,-0.903191659401536,-8.47086847178497,-0.836059250050827,-10.8144071400418
-0.831932351928625,-10.856020841508,-4.72308365705369,1,0,-0.48598078023366,-0.139123357848783,-0.804257729938053,-8.2684188284856,-0.829330921419802,-10.6127847523697
-0.826896831418478,-10.656112022308,-4.76210526347111,1,0,-0.490084184033819,-0.098402167596937,-0.698296512232569,-8.07155944586366,-0.814808326871295,-10.4131625819757
-0.813663837669553,-10.454212636368,-4.80158658389344,1,0,-0.486861585854393,-0.130382455172966,-0.583148694402603,-7.87675015725703,-0.791995280583403,-10.2119296692947
-0.792588308904252,-10.2551470149977,-4.84064875331129,1,0,-0.48598078023366,-0.139123357848783,-0.461593335555578,-7.68865283224223,-0.76147458954687,-10.0138950741398
-0.763225114193879,-10.0562997440929,-4.87987317473087,1,0,-0.491545351435016,-0.0839018944988703,-0.331841298044072,-7.50475941212396,-0.722674785422382,-9.81645347387688
-0.726778473744454,-9.85813665375484,-4.91919224315146,1,0,-0.48598078023368,-0.139123357848592,-0.195429731113589,-7.32552563423278,-0.676831383938655,-9.62006974988131
-0.682931325727703,-9.66303000505052,-4.95821384956888,1,0,-0.490376600070895,-0.0955003013272859,-0.053185598326674,-7.15307574624018,-0.623734862317289,-9.42709284981697
-0.630620689914686,-9.46750254489031,-4.99770869099136,1,0,-0.486568075149451,-0.133295184662672,0.0977384254294094,-6.98437084045029,-0.562154510875965,-9.23408672531538
-0.571057044277963,-9.2764622140013,-5.03675733940906,1,0,-0.48598078023368,-0.139123357848592,0.253685139061331,-6.82365761650056,-0.493530800978848,-9.04589716005789
-0.503512490804821,-9.08707439202928,-5.07599528182879,1,0,-0.491545351435016,-0.0839018944988703,0.416813192056343,-6.66851062401196,-0.41700134314528,-8.85972799590515
-0.429202659877448,-8.89986591083731,-5.11530082924924,1,0,-0.48598078023366,-0.139123357848783,0.585450694160529,-6.51933474455541,-0.333824656449861,-8.67609460132207
-0.348220526499508,-8.71702334874811,-5.15432243566665,1,0,-0.490668924836699,-0.00869744631304672,0.758529004216367,-6.37788770950866,-0.244185429080268,-8.49714324276995
-0.26111487113639,-8.54001662043981,-5.19281672307842,1,0,-0.5,0.139123357848783,0.934835887858283,-6.24520685826777,-0.148694806553082,-8.32430317259966
-0.165643872504934,-8.36414870316086,-5.23186537149613,1,0,-0.5,0.0925993408117259,1.11898165999174,-6.11777667169376,-0.0448883278117391,-8.15298843008411
-0.0626637660152425,-8.19144922000424,-5.27110331391586,1,0,-0.5,0.136208818914666,1.30909337869179,-5.99719937132128,0.0662822007319259,-7.98518846232204
0.0465307442128678,-8.02219932978655,-5.31040886133631,1,0,-0.412477605326456,0.35,1.50345237951851,-5.88354802322011,0.183482222442256,-7.82116486729122
0.16075033755274,-7.85804185652362,-5.33504230776688,1,0,-0.257061678926078,0.117720566821847,1.66990698487297,-5.75592476265154,0.302611937189739,-7.66044163119877
0.280025687320307,-7.69440861185711,-5.35350852630484,1,0,-0.2544318295374,0.122806077586593,1.82774097733057,-5.62051675267822,0.425511821720846,-7.49946157495429
0.400993411529351,-7.53505906402036,-5.37175355468236,1,0,-0.254267344043561,0.0932704378256007,1.98628722271856,-5.48974891768431,0.550011948703258,-7.34279872469228
0.525572560667128,-7.37710529115255,-5.39009969856179,1,0,-0.257554372304294,0.153793439365443,2.14812103876056,-5.36122173828133,0.678093058124853,-7.18761106866741
0.652870300362228,-7.2210659783969,-5.40846480159784,1,0,-0.254267344043561,0.121173763192147,2.31216499008269,-5.23531896652316,0.808844963012987,-7.03440460823429
0.782095975124745,-7.06842746562596,-5.42670351025648,1,0,-0.257225924245793,0.119350497786179,2.47733014319022,-5.1132724390556,0.941448969572403,-6.88464175981464
0.915884274232146,-6.91633727876504,-5.44517604851332,1,0,-0.254267344043561,0.35,2.6469438362044,-4.99282932312658,1.07860487647338,-6.73552641596568
1.05057186707041,-6.7684909062031,-5.4549968916372,1,0,0.254267344043561,-0.0916302816223349,2.80043811648699,-4.86207590110774,1.21506030883278,-6.58928679066279
1.1854035487582,-6.61910005040338,-5.4366444280389,1,0,0.257390155374182,-0.152163790132452,2.89998966968334,-4.68089353497968,1.34657563799211,-6.43690751446412
1.31779949928251,-6.46745442149841,-5.41828564472172,1,0,0.254267344043561,-0.121173763192378,2.99651556742506,-4.49809858136691,1.47559978276263,-6.28233383098078
1.44657173656498,-6.31443287178332,-5.40004693606308,1,0,0.257390155374205,-0.122620308563099,3.08909208352157,-4.3147886603463,1.60096960127262,-6.1264651568062
1.57396791654962,-6.15694979002675,-5.38157439780625,1,0,0.242056873836599,0.121173763192147,3.17927162558254,-4.12730694847429,1.72486739571966,-5.96616218642994
1.6967135427334,-5.9990530040408,-5.3633356891476,1,0,0.242056873836599,0.152163790132911,3.26473424447616,-3.94047069055267,1.84410839760691,-5.80554507330715
1.81735662598818,-5.83789987517263,-5.34497690583042,1,0,0.24503391929607,0.0916302816223349,3.34732214476684,-3.75087913405664,1.96117427160422,-5.64171871575752
1.93528586753571,-5.67483576455551,-5.32662444223212,1,0,0.242056873836599,0.121173763192147,3.42669391535248,-3.56008942104114,2.07547908853134,-5.47604838244369
2.04952888295909,-5.51068181021789,-5.30838573357348,1,0,0.245199181335362,0.119350497785949,3.50212077476043,-3.36908734385107,2.18607336278932,-5.30937068899531
2.16191955763595,-5.34216157356033,-5.28991319531664,1,0,0.242056873836576,0.121173763192378,3.57470518329155,-3.17410095668614,2.29472222537461,-5.13836261884885
2.26971520771138,-5.17370419490458,-5.271674486658,1,0,0.242056873836599,0.153793439365213,3.64272542429342,-2.98023821439307,2.39877896394115,-4.96751712128486
2.37514809403969,-5.0021323786374,-5.25330938362195,1,0,0.244868643596717,0.093270437825371,3.70764581039769,-2.78382223386487,2.50040365176516,-4.79360993917612
2.47763209110763,-4.8290243513595,-5.23496323974252,1,0,0.242056873836599,0.122806077586363,3.76921041292524,-2.58664269314188,2.5990412020272,-4.61823917568123
2.57635121045708,-4.65501284550152,-5.216718211365,1,0,0.245199181335339,0.117720566822077,3.8268045200546,-2.38944082435176,2.69389454638968,-4.44204776226525
2.67282371056053,-4.4769805322939,-5.19825199282704,1,0,0.242056873836599,-0.35,3.88122965278247,-2.18870494982952,2.7864145695869,-4.26188130113384
2.76505530158831,-4.29951996586055,-5.1856251945249,1,0,0,0,3.94447208689829,-1.99616890511686,2.87592116306127,-4.08300363100366
2.85687242612742,-4.12020500796295,-5.1856251945249,1,0,0,0,4.0362892114374,-1.81685394721926,2.96773828760038,-3.90368867310606
2.94853162647571,-3.94119846932558,-5.1856251945249,1,0,0,0,4.12794841178569,-1.63784740858189,3.05939748794867,-3.72468213446869
3.03974863908972,-3.76305550461685,-5.1856251945249,1,0,0,0,4.2191654243997,-1.45970444387316,3.15061450056268,-3.54653916975997
3.12967067333906,-3.58744157784201,-5.1856251945249,1,0,0,0,4.30908745864904,-1.28409051709832,3.24053653481202,-3.37092524298513
3.22082451627675,-3.40942198083738,-5.1856251945249,1,0,0,0,4.40024130158672,-1.10607092009369,3.33169037774971,-3.19290564598049
3.31264164081585,-3.23010702293978,-5.1856251945249,1,0,0,0,4.49205842612583,-0.926755962196091,3.42350750228881,-3.0135906880829
3.40430084116414,-3.05110048430241,-5.1856251945249,1,0,0.34681647045797,0.35,4.58371762647412,-0.747749423558722,3.5151667026371,-2.83458414944553
3.4935481227422,-2.87197845586532,-5.15358042418212,1,0,0.5,-0.0955003013272859,4.59856168343151,-0.532022239780771,3.59742003797268,-2.65202121518807
3.57696473403923,-2.68756300299983,-5.11408558275964,1,0,0.5,-0.139123357848592,4.58872440741393,-0.305800540907376,3.67207072980713,-2.46367595096467
3.65196211387122,-2.50218617117834,-5.07506397634223,1,0,0.5,-0.0839018944988703,4.57003497623826,-0.0827663477733243,3.73826149509845,-2.27475930535156
3.72015466305804,-2.3125899048444,-5.03574490792163,1,0,0.5,-0.139123357848783,4.542413127527,0.141048430385376,3.79744743534364,-2.08194647907118
3.78146937296679,-2.12116644573157,-4.99652048650205,1,0,0.5,-0.130382455172966,4.50687750660686,0.36282894519588,3.84965815801478,-1.88766943912618
3.83464229171176,-1.92817955437264,-4.9574583170842,1,0,0.5,-0.098402167596937,4.46249148757696,0.582249781368842,3.89366048005847,-1.69219774163218
3.88053802004218,-1.73112104456511,-4.91797699666187,1,0,0.5,-0.35,4.40880862442536,0.802133824382079,3.93019576306844,-1.4929936184724
3.91844603801356,-1.53476512866977,-4.88641591764504,1,0,0.254925201562584,-0.0965186804310226,4.36651457429047,1.01389817771236,3.96056474014837,-1.29518930052661
3.95174656687617,-1.33594891900234,-4.86803185545238,1,0,0.256568857889366,-0.144013431854439,4.3528872420894,1.22052056471724,3.98945402286906,-1.09563930566458
3.98167085895077,-1.13722680520553,-4.84970467072956,1,0,0.254267344043561,-0.114604771210444,4.33589390170021,1.4261647174623,4.01496803029607,-0.896266516194248
4.00760773085027,-0.938642985574167,-4.83144068319543,1,0,0.245199181335362,0.112829929640274,4.31495654757748,1.63079017513587,4.03649869777864,-0.697114779084855
4.03012182498042,-0.737618503562635,-4.81299342381408,1,0,0.242056873836599,0.121173763192147,4.29002203587736,1.83704690049975,4.05455259545696,-0.495598463165312
4.04864530152428,-0.538484372262904,-4.79475471515543,1,0,0.242718819779075,0.147224447383739,4.26154631687669,2.04049279323545,4.06865812037636,-0.296059023791269
4.06362584912048,-0.337386430133221,-4.77636433324391,1,0,0.244207404344946,0.0998324167788564,4.2290651616397,2.2450697449786,4.07917724039487,-0.0946340527412973
4.07524321019759,-0.136829159559738,-4.75804346823996,1,0,0.242056873836576,0.12933393805521,4.19334457408574,2.44822444343339,4.08634480686102,0.106167377558639
4.08283663766766,0.0633665044850388,-4.73977316098696,1,0,0.245199181335339,0.111199436049497,4.15369119468622,2.65014629686198,4.08949700709854,0.306525304406087
4.08686793811013,0.265537918969337,-4.72133222132448,1,0,0.242056873836622,0.121173763191687,4.11001050135281,2.85318443352007,4.08904335246963,0.50877819127712
4.08710791126289,0.4655314749514,-4.70309351266583,1,0,0.242884272390666,0.145582535546054,4.06305391107745,3.05316967755529,4.08484682130246,0.708770965931362
4.0836302710787,0.667226087466152,-4.68469681103544,1,0,0.244042060455173,0.101473249687427,4.0119790183663,3.25398393475003,4.07689501179079,0.910382824535732
4.07685585256667,0.867936206991741,-4.66638226575035,1,0,0.242056873836599,0.130965553543289,3.95784397091909,3.45294805116706,4.06566866670607,1.11092881875704
4.06602906822248,1.06805245085749,-4.64810563877849,1,0,0.245199181335362,0.10956880197609,3.89979439612087,3.65045755004144,4.05040291268631,1.31080002708259
4.05155646818164,1.26967562501874,-4.62967101883488,1,0,0.242056873836599,0.35,3.83774708123435,3.84857764110102,4.03145826187309,1.51209390940171
4.04335844397799,1.36676527697518,-4.62078549410374,1,0,0.472897560990275,0.147308376036525,3.80664290126063,3.94366570468597,4.02110704574941,1.608995410891
4.02176259778183,1.56598722366634,-4.58328144612844,1,0,0.5,-0.107113200202175,3.68859196911577,4.13219987944806,3.99044436556349,1.80721270082561
3.9925810736208,1.76598868998762,-4.54384068870654,1,0,0.5,-0.139123357848783,3.55848241495232,4.31706854311693,3.95177554807888,2.00579167492578
3.95581991462572,1.96255150706114,-4.50481908228913,1,0,0.487741570860446,0.121649696079447,3.42252973924812,4.49475443165974,3.90569032901637,2.20058004977532
3.9109166629997,2.15925782559721,-4.46544592986795,1,0,0.489206388368354,0.107113200202175,3.27836474588056,4.6685063455029,3.85145641612916,2.39512864096463
3.85936347597809,2.35325547739772,-4.42627559244895,1,0,0.48598078023368,0.139123357848592,3.1290337849073,4.83580831768944,3.7907120616788,2.58661688340717
3.79936685958159,2.54452027729086,-4.38715933903052,1,0,0.491545351435016,0.0839018944988703,2.97251242514505,4.9966136292562,3.72164206345496,2.77501847374167
3.73182418264471,2.73494480288791,-4.34773210260877,1,0,0.48598078023366,-0.35,2.80895812228583,5.15254036400596,3.64507423802784,2.96220018700228
3.65801956376714,2.9208085771572,-4.31830260284925,1,0,0.24321513691328,0.142299115773325,2.66441476143688,5.31020171335021,3.56462013640096,3.14541291698097
3.5790567347747,3.10658740828826,-4.29989326178111,1,0,0.243711331834917,0.104755320797909,2.54163562726724,5.47728509213535,3.48153854932356,3.32943436475461
3.49751636314619,3.2899619081225,-4.28159135593377,1,0,0.242056873836576,0.13422836447468,2.41688313432907,5.64127683540814,3.39593621324386,3.51098687423678
3.41219675529671,3.47145570501597,-4.26330208952417,1,0,0.245199181335315,0.106307112663373,2.28874282815744,5.8026145018583,3.3065914349309,3.690585983185
3.32318534924384,3.65278980363532,-4.24488010901829,1,0,0.242056873836576,0,2.15697991669546,5.96285797397027,3.21356136258848,3.86993755068739
3.2341110682391,3.82610553134411,-4.22710905955603,0.903829291043742,1,0.2268412924646,0.141618227493705,2.02703960566996,6.11508533613733,3.12064565107363,4.04127095981129
3.15841585430353,3.96739036278251,-4.21249154980986,0.702978337478466,1,0.238902383698634,-0.0456833506314318,1.91801535480635,6.2384818764268,3.04181748834751,4.18087428151267
3.09861594870188,4.07638323787327,-4.20115397415718,0.502127383913191,1,0.204148925095267,0.183967105213262,1.83254704904784,6.33326595609963,2.97960473825232,4.28853152159796
3.0608166599307,4.14337788347959,-4.19413908621155,0.301276430347912,1,0.212406422322742,-0.205387580494296,1.77894726138974,6.39132381423153,2.94032019342695,4.35468610400144
3.04065703925274,4.17910836113629,-4.19039781264055,0.100425476782636,1,0.128680692670075,-0.35,1.75038645086624,6.42224274659891,2.91937085603372,4.38996429361191
3.04074589343731,4.17915983630901,-4.18892959943347,-0.104163959377081,-1,-0.5,0,1.74718329738972,6.42039741242776,2.91915025958993,4.38983746760681
3.06161634759187,4.14384116003408,-4.18092516734785,-0.312491878131244,-1,-0.5,0,1.75015554880816,6.37465281406353,2.93833827231252,4.35353874861206
3.10596606267031,4.06878897294985,-4.1639157491659,-0.520819796885407,-1,-0.5,0,1.75675199679855,6.27697181568589,2.97913915840085,4.27635944014937
3.17785969018752,3.95471284317796,-4.13760388288444,-0.72914771563957,-1,-0.5,0,1.7710179296301,6.12663510772881,3.04561574921347,4.15887479500947
3.27197752817086,3.81285731339572,-4.10438278552908,-0.937475634393732,-1,-0.5,0,1.79377165078406,5.9368529458204,3.13302531884835,4.0125141340265
3.39152645481737,3.64619984257708,-4.06436062510096,-1,-0,-0.5,0,1.82952009264814,5.70934942199269,3.24469695135001,3.84013709895534
3.52284127744419,3.47875106094394,-4.02283763365679,-1,-0,-0.5,0,1.87653776845669,5.47528175662469,3.36808779331272,3.66642610363521
3.65619262680161,3.32291757267343,-3.98281547322867,-0.937475634393732,-1,-0.490328921291639,0.207701097255446,1.93132330258303,5.25197845218702,3.49405391049742,3.50425041353583
3.77152000441768,3.19769475235438,-3.94959437587331,-0.72914771563957,-1,-0.495926032743007,0.0184776641554764,1.98352867915451,5.06839972195372,3.60344778342637,3.3735421038586
3.86516727383134,3.10067802187617,-3.92328250959185,-0.520819796885407,-1,-0.447869111220929,-0.35,2.02857877912615,4.9236955104419,3.69252689074293,3.27204272252098
3.9274823443452,3.03971442617744,-3.9062730914099,-0.312491878131244,-1,-0.41855648338663,0.35,2.06015255280016,4.83123040771607,3.75195226153452,3.20811796690173
3.95680708341055,3.0110256752604,-3.89826865932428,-0.104163959377081,-1,-0.260825225510495,0.35,2.07519719745233,4.7875375101673,3.77993466344752,3.17801881750408
3.95666956723519,3.01080528119585,-3.89627708038869,0.100934293067455,1,0.5,0,2.07152535166157,4.78356622080089,3.77946491823962,3.17744583710694
3.92624469876693,3.03773087959654,-3.8883488809896,0.302802879202366,1,0.5,0,2.02710507454359,4.79549046219161,3.74772447324579,3.2029612992531
3.86539496183043,3.09158207639792,-3.87249248219141,0.504671465337276,1,0.5,0,1.93862350955448,4.81900843754749,3.68427732845544,3.25396115565582
3.77412035642567,3.17235887159998,-3.84870788399413,0.706540051472187,1,0.5,-0.35,1.80681160437647,4.85347348298452,3.58919219337438,3.33038461953517
3.6481534148916,3.28304767682131,-3.84966447086214,0.908408637607097,1,-0.5,0,1.68245369485918,4.96604342047738,3.46337650178257,3.44125025228043
3.49950202570692,3.41380547692382,-3.88829722390429,1,0,-0.5,0,1.60027160328078,5.1714669531561,3.32097326510209,3.5790266745254
3.35443994145499,3.55593919480431,-3.92793601333201,1,0,-0.5,0.17823754465114,1.5263547205482,5.38748348517846,3.18259887103259,3.72810541976171
3.21657085243216,3.6980311951016,-3.96658598540259,1,0,-0.5,0,1.46062238961433,5.59884550965936,3.05151067908449,3.87670884248491
3.08178642353061,3.85001694933311,-4.00622698239805,1,0,-0.5,0,1.4025478781142,5.81892730028559,2.92393702688389,4.03509566360968
2.95382392594105,4.00768223197357,-4.04586797939352,1,0,-0.5,0,1.35393372235892,6.0415950617138,2.80343331942135,4.19887121693514
2.83006422177335,4.16871781512844,-4.08550897638899,1,0,-0.482039311387296,-0.178237544651044,1.3120361121154,6.26443743396783,2.68736869953422,4.3657166740919
2.71812842622636,4.33211718911921,-4.12415894845957,1,0,-0.5,0,1.28221334585557,6.48492882613341,2.58315157633739,4.53448273088472
2.60892961095382,4.50329554370292,-4.16379994545504,1,0,-0.5,0,1.259459838362,6.71132212763732,2.48207867010444,4.71085132248451
2.50480391228535,4.6777213177171,-4.20344094245051,1,0,-0.5,0.178237544651236,1.24389973826093,6.93749359085167,2.38627818903873,4.8901412212781
2.41353590931364,4.85348164322078,-4.24209091452109,1,0,-0.5,0,1.2408917919971,7.16028805829399,2.30330668255787,5.07032278338755
2.32450321064745,5.03597303088693,-4.28173191151655,1,0,-0.5,0,1.24420048294357,7.38743982397918,2.22295412804133,5.25701227247506
2.242912076929,5.22200904530935,-4.32137290851202,1,0,-0.5,0,1.25664811359102,7.61444158503139,2.15020269268324,5.44689909082664
2.17043998579564,5.4117095116286,-4.36101390550749,1,0,-0.482039311387296,-0.178237544651044,1.27976440759973,7.84134880109224,2.08671596516144,5.64009701318865
2.10446772928785,5.59840210932274,-4.39966387757807,1,0,-0.5,0,1.30833943570001,8.06064291855504,2.02963120821153,5.82985417263866
2.04668170196124,5.79315140151516,-4.43930487457354,1,0,-0.5,0,1.34875896736686,8.28500892533877,1.98107656035556,6.02738745317011
1.99625394321632,5.9898363248199,-4.47894587156901,1,0,-0.5,0.178237544651236,1.39763334582356,8.5073953495256,1.9399832600685,6.22648833245574
1.95186975301814,6.18286228526502,-4.51759584363959,1,0,-0.5,0,1.45097557790235,8.72167206306151,1.90478541021187,6.42151187600949
1.91878867915166,6.38329220896774,-4.55723684063506,1,0,-0.5,0,1.51890260205485,8.93995823875031,1.88119915610894,6.62362029774935
1.89104989061666,6.58443338820312,-4.59687783763052,1,0,-0.5,0,1.59280021369343,9.15493862895156,1.86301424810421,6.82606237083748
1.87053889988306,6.78653685433561,-4.63651883462599,1,0,-0.482039311387277,-0.178237544651236,1.6743942338837,9.36684252082166,1.85210118758305,7.02908708267016
1.86097694262651,6.98431867038962,-4.67516880669657,1,0,-0.5,0,1.76468267516379,9.57027641879809,1.85192522566764,7.22740019770113
1.85628612327343,7.18733186337783,-4.71480980369204,1,0,-0.5,0,1.86255060266832,9.77507428077527,1.85687498796778,7.4305811506088
1.86110578639392,7.39041628575199,-4.75445080068751,1,0,-0.5,0.178237544651236,1.96991916987836,9.97587750380858,1.87133430751559,7.63345113892261
1.87403516822934,7.5879709318548,-4.79310077275809,1,0,-0.5,0,2.08267041465267,10.1672966957803,1.89364700232942,7.83042904878066
1.8924612238252,7.79024756471747,-4.83274176975356,1,0,-0.5,0,2.20315283441257,10.3592786633246,1.92166641531409,8.03173797713605
1.92253648875121,7.99115050198636,-4.87238276674903,1,0,-0.5,0,2.33479630395038,10.5458504662232,1.96128915034804,8.23129377946704
1.95885002479668,8.19091946086125,-4.91202376374449,1,0,-0.482039311387277,-0.178237544651236,2.47203030080014,10.7272743387955,2.00708926820808,8.42933828959568
2.00033803678248,8.38458856683011,-4.95067373581507,1,0,-0.5,0,2.61114070140136,10.8992197857953,2.05775384131095,8.62096535902923
2.05396949730544,8.58048574779434,-4.99031473281054,1,0,-0.5,0,2.76394869813203,11.0689349831402,2.12070795372552,8.81440141835676
2.11276353498587,8.77484236769748,-5.02995572980601,1,0,-0.5,0.178237544651044,2.92080375065759,11.2331997608275,2.18871978364287,9.00592938764875
2.1780490184626,8.96183644084559,-5.06860570187659,1,0,-0.5,0,3.08047756615636,11.3871349335692,2.26287782504226,9.18981590499592
2.25358959508667,9.15032535830477,-5.10824669887206,1,0,-0.5,0,3.25142526632498,11.5379547340045,2.34738672658265,9.3747639036198
2.33411441781203,9.33677042180223,-5.14788769586753,1,0,-0.5,0,3.42578941031799,11.6829792303351,2.43673249990152,9.55731540979397
2.42443885470665,9.51872648205665,-5.18752869286299,1,0,-0.482039311387277,-0.178237544651236,3.60823792559186,11.8198283533938,2.5357166535639,9.73503139180557
2.51865252007725,9.69283901519218,-5.22617866493358,1,0,-0.5,0,3.79048289139205,11.9464799735308,2.63820531220258,9.90468257160832
2.62015393769612,9.86880484706019,-5.26581966192904,1,0,-0.5,0.178237544651236,3.98029833616112,12.0702719210416,2.74800829956516,10.0757440281039
2.72936019646051,10.0340293961088,-5.30446963399962,0.908408637607097,1,-0.47583725159224,0.0110122766136328,4.17355427417972,12.1812959208748,2.86511527689919,10.2358736941087
2.82112034672245,10.1685307397668,-5.33625175749676,0.706540051472187,1,-0.472990349017805,0.0517325109154062,4.33281829460082,12.2688210475291,2.96322083008499,10.3659592461384
2.89512043335604,10.2669141362516,-5.36027404449664,0.504671465337276,1,-0.460432804642676,0.110330560766867,4.45683114836967,12.3302875162077,3.04192214581941,10.4608724300104
2.94445382444511,10.3325030672414,-5.37628890249657,0.302802879202366,1,-0.430517965277573,0.35,4.5390074925077,12.3706023440599,3.09434279353263,10.524085580655
2.96912051998964,10.3652975327363,-5.38429633149653,0.100934293067455,1,-0.268876400613062,0.35,4.57994282864827,12.3905633307065,3.12053875072337,10.5556736916992
2.96879214107803,10.3651440537497,-5.38636102133288,-0.102559978473074,-1,0.5,0,4.58379255905316,12.3870796888381,3.12060311650937,10.5552071754714
2.94179660017776,10.3323310520196,-5.39465290216431,-0.307679935419222,-1,0.5,0,4.57350695577627,12.3408059405688,3.09517831943168,10.521128855764
2.88548715095892,10.2668863454653,-5.41150032588739,-0.512799892365369,-1,0.5,0,4.55080197000673,12.2475873870059,3.04202770925604,10.4530733914917
2.80267913740179,10.1706441299443,-5.43627594900955,-0.717919849311517,-1,0.5,0,4.51655095348712,12.1094823028015,2.96378408156671,10.3528960420485
2.68986640263674,10.04681695143,-5.46897977153082,-0.923039806257665,-1,0.5,0,4.46621789048185,11.9285782152811,2.85684447216367,10.2237036010027
2.54802382929293,9.901396195859,-5.50862076852628,-1,-0,0.5,0,4.397555170486,11.7112812420552,2.72188084745358,10.0715264393088
2.39914364141474,9.76328221328114,-5.54826176552175,-1,-0,0.5,0,4.31894884699233,11.4984473452318,2.57960644356207,9.92638874148015
2.2466567989175,9.62916944811613,-5.58790276251722,-1,-0,0.5,0,4.23371946541833,11.2868883693747,2.43344184137768,9.78499598761807
2.08383596312865,9.49938114219185,-5.62853478443757,-1,-0,0.5,0,4.13659651285569,11.0750156772235,2.27679664469414,9.64749170180791
1.91986244374323,9.37961503885997,-5.66817578143304,-1,-0,0.5,0,4.03345370869277,10.8726595885064,2.11854124780041,9.51996209197619
1.7483930339308,9.26156513606394,-5.7088078033534,-1,-0,0.5,0,3.92088853785424,10.6675215180092,1.95260887059562,9.39372585093523
1.57501002978507,9.15571219261389,-5.74844880034886,-1,-0,0.5,0,3.80151773528806,10.4744667186102,1.78430304470676,9.27967588247906
1.3981803021661,9.05592261760919,-5.78808979734433,-1,-0,0.5,0,3.67520191393726,10.285403256752,1.61222165355759,9.17149451036215
1.2140392837166,8.95872326449377,-5.82872181926469,-1,-0,0.5,0,3.53912405633558,10.0946945945173,1.4325986000878,9.06550522798646
1.02882280061091,8.8752884627046,-5.86836281626015,-1,-0,0.5,0,3.39710022660227,9.91822283074496,1.25144225143591,8.97332489784162
0.841547211349083,8.79683422100777,-5.90800381325562,-1,-0,0.5,0,3.24929624640881,9.74509296558593,1.06787701630639,8.88597109266023
0.646734236612732,8.72332548822011,-5.94863583517598,-1,-0,0.5,0,3.09101506411945,9.57299677688594,0.876498051235864,8.80319508187018
0.453081515706033,8.66210827574567,-5.98827683217144,-1,-0,0.5,0,2.92911510905702,9.41424370709922,0.685830108724148,8.73280944227132
0.252973609436842,8.60487305048449,-6.0289088540918,-1,-0,0.482039311387296,0.106830064590959,2.75751594118857,9.25580912335464,0.488402040389835,8.66606141865208
0.0702736620091273,8.56094824726723,-6.06557677631261,-0.820479827784591,-1,0.466192137936488,0.248746861111028,2.5969955830673,9.11963098025985,0.307786987213417,8.6134647480113
-0.0735903094691895,8.53113577658422,-6.09425771610178,-0.615359870838442,-1,0.455955320150359,-0.071582624020726,2.46811379586386,9.01712991588338,0.165331349741424,8.57681950738685
-0.1731804320414,8.51316148694073,-6.11400473580885,-0.410239913892295,-1,0.49125792822522,-0.35,2.37762443940745,8.9488730547156,0.0665967044593949,8.55411862687358
-0.237914011713337,8.50147819867247,-6.12684029861844,-0.205119956946147,-1,0.381586757559619,-0.35,2.31827318756697,8.90441375770827,0.00236906672350387,8.5393543747851
-0.257832036227779,8.49788334074377,-6.13078970255985,0,0,0,0,2.29992657878902,8.89072036777576,-0.0174012438008302,8.53481024899438
