1,-11.2448272937809,1.27774540776301
1,-5.41262716013599,-3.48324961791523
1,-5.00246120133061,-2.80311565308697
1,-3.42338878784392,0.936624439350311
1,-11.2448272937809,1.27774540776301
2,-6.49593167187561,-4.87414352110913
2,-13.0719549538682,-6.58322393644759
2,-7.30208555861793,-10.2329870069572
2,-4.44789644981378,-8.85753492835582
2,-6.49593167187561,-4.87414352110913
3,-2.14530343600672,5.75962893844487
3,-4.28119215616482,-1.28072208079252
3,-0.578933467029784,-1.91643527257965
3,1.19898319098669,-2.16481628123389
3,2.57801756166506,0.528204218106154
3,-2.14530343600672,5.75962893844487
4,-12.5608950478653,13.7171947338222
4,-5.17982561406832,17.2509453840024
4,-8.59147874702966,21.0787919659877
4,-11.9338059149928,22.8508100631722
4,-12.5608950478653,13.7171947338222
5,11.1973377419968,4.41468501419632
5,10.4309243907601,3.94081735891992
5,9.52304146556955,-0.111729565410496
5,12.6651817414036,0.638506129977523
5,13.4504154829502,1.61806856655583
5,14.3740148239894,3.25145754222276
5,12.1261393773861,4.6311573028927
5,11.1973377419968,4.41468501419632
